variable,timestamps,valid,missing_markers,first,last
battery/haptic_array_battery,43315,43315,0,2025-05-12T21:00:00-03:00,2026-10-05T16:15:00-03:00
battery/haptic_array_capacitor,43315,43315,0,2025-05-12T21:00:00-03:00,2026-10-05T16:15:00-03:00
indoor/app_tempin,42695,42599,96,2025-09-16T21:00:00-03:00,2026-10-05T16:15:00-03:00
indoor/dew_point,42695,42599,96,2025-09-16T21:00:00-03:00,2026-10-05T16:15:00-03:00
indoor/feels_like,42695,42599,96,2025-09-16T21:00:00-03:00,2026-10-05T16:15:00-03:00
indoor/humidity,43361,43361,0,2025-05-12T21:00:00-03:00,2026-10-05T16:15:00-03:00
indoor/humidity_high,18807,18807,0,2025-05-12T21:00:00-03:00,2026-10-05T15:30:00-03:00
indoor/humidity_low,18807,18807,0,2025-05-12T21:00:00-03:00,2026-10-05T15:30:00-03:00
indoor/temperature,43361,43361,0,2025-05-12T21:00:00-03:00,2026-10-05T16:15:00-03:00
indoor/temperature_high,18807,18807,0,2025-05-12T21:00:00-03:00,2026-10-05T15:30:00-03:00
indoor/temperature_low,18807,18807,0,2025-05-12T21:00:00-03:00,2026-10-05T15:30:00-03:00
lightning/count,42933,42933,0,2025-06-21T21:00:00-03:00,2026-10-05T16:15:00-03:00
lightning/distance,42933,671,42262,2025-07-31T05:00:00-03:00,2026-10-04T11:50:00-03:00
outdoor/app_temp,43361,43315,46,2025-05-12T21:00:00-03:00,2026-10-05T16:15:00-03:00
outdoor/dew_point,43361,43315,46,2025-05-12T21:00:00-03:00,2026-10-05T16:15:00-03:00
outdoor/feels_like,43361,43315,46,2025-05-12T21:00:00-03:00,2026-10-05T16:15:00-03:00
outdoor/humidity,43361,43315,46,2025-05-12T21:00:00-03:00,2026-10-05T16:15:00-03:00
outdoor/humidity_high,18807,18761,46,2025-05-12T21:00:00-03:00,2026-10-05T15:30:00-03:00
outdoor/humidity_low,18807,18761,46,2025-05-12T21:00:00-03:00,2026-10-05T15:30:00-03:00
outdoor/temperature,43361,43315,46,2025-05-12T21:00:00-03:00,2026-10-05T16:15:00-03:00
outdoor/temperature_high,18807,18761,46,2025-05-12T21:00:00-03:00,2026-10-05T15:30:00-03:00
outdoor/temperature_low,18807,18761,46,2025-05-12T21:00:00-03:00,2026-10-05T15:30:00-03:00
outdoor/vpd,43361,43315,46,2025-05-12T21:00:00-03:00,2026-10-05T16:15:00-03:00
pressure/absolute,43361,43361,0,2025-05-12T21:00:00-03:00,2026-10-05T16:15:00-03:00
pressure/relative,43361,43361,0,2025-05-12T21:00:00-03:00,2026-10-05T16:15:00-03:00
pressure/relative_high,18807,18807,0,2025-05-12T21:00:00-03:00,2026-10-05T15:30:00-03:00
pressure/relative_low,18807,18807,0,2025-05-12T21:00:00-03:00,2026-10-05T15:30:00-03:00
rainfall_piezo/1_hour,43315,43315,0,2025-05-12T21:00:00-03:00,2026-10-05T16:15:00-03:00
rainfall_piezo/24_hours,42835,42553,282,2025-09-16T21:00:00-03:00,2026-10-05T16:15:00-03:00
rainfall_piezo/daily,43315,43315,0,2025-05-12T21:00:00-03:00,2026-10-05T16:15:00-03:00
rainfall_piezo/event,43315,43315,0,2025-05-12T21:00:00-03:00,2026-10-05T16:15:00-03:00
rainfall_piezo/monthly,43315,43315,0,2025-05-12T21:00:00-03:00,2026-10-05T16:15:00-03:00
rainfall_piezo/rain_rate,43315,43315,0,2025-05-12T21:00:00-03:00,2026-10-05T16:15:00-03:00
rainfall_piezo/weekly,43315,43315,0,2025-05-12T21:00:00-03:00,2026-10-05T16:15:00-03:00
rainfall_piezo/yearly,43315,43315,0,2025-05-12T21:00:00-03:00,2026-10-05T16:15:00-03:00
solar_and_uvi/solar,43315,43315,0,2025-05-12T21:00:00-03:00,2026-10-05T16:15:00-03:00
solar_and_uvi/uvi,43315,43315,0,2025-05-12T21:00:00-03:00,2026-10-05T16:15:00-03:00
wind/10_minute_average_wind_direction,43021,42848,173,2025-07-29T17:00:00-03:00,2026-10-05T16:15:00-03:00
wind/wind_direction,43315,43315,0,2025-05-12T21:00:00-03:00,2026-10-05T16:15:00-03:00
wind/wind_gust,43315,43315,0,2025-05-12T21:00:00-03:00,2026-10-05T16:15:00-03:00
wind/wind_speed,43315,43315,0,2025-05-12T21:00:00-03:00,2026-10-05T16:15:00-03:00
