requested_cycle,variable,valid,first,last,missing_markers,missing_slots,gap_intervals
5min,battery/haptic_array_battery,43294,2025-05-12T21:00:00-03:00,2026-10-05T16:15:00-03:00,0,103818,13883
5min,battery/haptic_array_capacitor,43294,2025-05-12T21:00:00-03:00,2026-10-05T16:15:00-03:00,0,103818,13883
5min,indoor/app_tempin,42584,2025-09-16T21:00:00-03:00,2026-10-05T16:15:00-03:00,96,67952,13173
5min,indoor/dew_point,42584,2025-09-16T21:00:00-03:00,2026-10-05T16:15:00-03:00,96,67952,13173
5min,indoor/feels_like,42584,2025-09-16T21:00:00-03:00,2026-10-05T16:15:00-03:00,96,67952,13173
5min,indoor/humidity,43346,2025-05-12T21:00:00-03:00,2026-10-05T16:15:00-03:00,0,103766,13935
5min,indoor/humidity_high,13975,2025-05-12T21:00:00-03:00,2026-09-25T23:30:00-03:00,0,130344,13974
5min,indoor/humidity_low,13975,2025-05-12T21:00:00-03:00,2026-09-25T23:30:00-03:00,0,130344,13974
5min,indoor/temperature,43346,2025-05-12T21:00:00-03:00,2026-10-05T16:15:00-03:00,0,103766,13935
5min,indoor/temperature_high,13975,2025-05-12T21:00:00-03:00,2026-09-25T23:30:00-03:00,0,130344,13974
5min,indoor/temperature_low,13975,2025-05-12T21:00:00-03:00,2026-09-25T23:30:00-03:00,0,130344,13974
5min,lightning/count,42901,2025-06-22T09:00:00-03:00,2026-10-05T16:15:00-03:00,0,92547,13712
5min,lightning/distance,665,2025-07-31T05:00:00-03:00,2026-10-04T11:50:00-03:00,42236,123258,441
5min,outdoor/app_temp,43300,2025-05-12T21:00:00-03:00,2026-10-05T16:15:00-03:00,46,103812,13889
5min,outdoor/dew_point,43300,2025-05-12T21:00:00-03:00,2026-10-05T16:15:00-03:00,46,103812,13889
5min,outdoor/feels_like,43300,2025-05-12T21:00:00-03:00,2026-10-05T16:15:00-03:00,46,103812,13889
5min,outdoor/humidity,43300,2025-05-12T21:00:00-03:00,2026-10-05T16:15:00-03:00,46,103812,13889
5min,outdoor/humidity_high,13929,2025-05-12T21:00:00-03:00,2026-09-25T23:30:00-03:00,46,130390,13928
5min,outdoor/humidity_low,13929,2025-05-12T21:00:00-03:00,2026-09-25T23:30:00-03:00,46,130390,13928
5min,outdoor/temperature,43300,2025-05-12T21:00:00-03:00,2026-10-05T16:15:00-03:00,46,103812,13889
5min,outdoor/temperature_high,13929,2025-05-12T21:00:00-03:00,2026-09-25T23:30:00-03:00,46,130390,13928
5min,outdoor/temperature_low,13929,2025-05-12T21:00:00-03:00,2026-09-25T23:30:00-03:00,46,130390,13928
5min,outdoor/vpd,43300,2025-05-12T21:00:00-03:00,2026-10-05T16:15:00-03:00,46,103812,13889
5min,pressure/absolute,43346,2025-05-12T21:00:00-03:00,2026-10-05T16:15:00-03:00,0,103766,13935
5min,pressure/relative,43346,2025-05-12T21:00:00-03:00,2026-10-05T16:15:00-03:00,0,103766,13935
5min,pressure/relative_high,13975,2025-05-12T21:00:00-03:00,2026-09-25T23:30:00-03:00,0,130344,13974
5min,pressure/relative_low,13975,2025-05-12T21:00:00-03:00,2026-09-25T23:30:00-03:00,0,130344,13974
5min,rainfall_piezo/1_hour,43294,2025-05-12T21:00:00-03:00,2026-10-05T16:15:00-03:00,0,103818,13883
5min,rainfall_piezo/24_hours,42532,2025-09-16T21:00:00-03:00,2026-10-05T16:15:00-03:00,282,68004,13121
5min,rainfall_piezo/daily,43294,2025-05-12T21:00:00-03:00,2026-10-05T16:15:00-03:00,0,103818,13883
5min,rainfall_piezo/event,43294,2025-05-12T21:00:00-03:00,2026-10-05T16:15:00-03:00,0,103818,13883
5min,rainfall_piezo/monthly,43294,2025-05-12T21:00:00-03:00,2026-10-05T16:15:00-03:00,0,103818,13883
5min,rainfall_piezo/rain_rate,43294,2025-05-12T21:00:00-03:00,2026-10-05T16:15:00-03:00,0,103818,13883
5min,rainfall_piezo/weekly,43294,2025-05-12T21:00:00-03:00,2026-10-05T16:15:00-03:00,0,103818,13883
5min,rainfall_piezo/yearly,43294,2025-05-12T21:00:00-03:00,2026-10-05T16:15:00-03:00,0,103818,13883
5min,solar_and_uvi/solar,43294,2025-05-12T21:00:00-03:00,2026-10-05T16:15:00-03:00,0,103818,13883
5min,solar_and_uvi/uvi,43294,2025-05-12T21:00:00-03:00,2026-10-05T16:15:00-03:00,0,103818,13883
5min,wind/10_minute_average_wind_direction,42827,2025-07-29T17:00:00-03:00,2026-10-05T16:15:00-03:00,173,81869,13416
5min,wind/wind_direction,43294,2025-05-12T21:00:00-03:00,2026-10-05T16:15:00-03:00,0,103818,13883
5min,wind/wind_gust,43294,2025-05-12T21:00:00-03:00,2026-10-05T16:15:00-03:00,0,103818,13883
5min,wind/wind_speed,43294,2025-05-12T21:00:00-03:00,2026-10-05T16:15:00-03:00,0,103818,13883
30min,battery/haptic_array_battery,18539,2025-05-12T21:00:00-03:00,2026-10-05T15:30:00-03:00,0,5979,870
30min,battery/haptic_array_capacitor,18539,2025-05-12T21:00:00-03:00,2026-10-05T15:30:00-03:00,0,5979,870
30min,indoor/app_tempin,17829,2025-09-16T21:00:00-03:00,2026-10-05T15:30:00-03:00,96,593,79
30min,indoor/dew_point,17829,2025-09-16T21:00:00-03:00,2026-10-05T15:30:00-03:00,96,593,79
30min,indoor/feels_like,17829,2025-09-16T21:00:00-03:00,2026-10-05T15:30:00-03:00,96,593,79
30min,indoor/humidity,18591,2025-05-12T21:00:00-03:00,2026-10-05T15:30:00-03:00,0,5927,841
30min,indoor/humidity_high,18591,2025-05-12T21:00:00-03:00,2026-10-05T15:30:00-03:00,0,5927,841
30min,indoor/humidity_low,18591,2025-05-12T21:00:00-03:00,2026-10-05T15:30:00-03:00,0,5927,841
30min,indoor/temperature,18591,2025-05-12T21:00:00-03:00,2026-10-05T15:30:00-03:00,0,5927,841
30min,indoor/temperature_high,18591,2025-05-12T21:00:00-03:00,2026-10-05T15:30:00-03:00,0,5927,841
30min,indoor/temperature_low,18591,2025-05-12T21:00:00-03:00,2026-10-05T15:30:00-03:00,0,5927,841
30min,lightning/count,18293,2025-06-22T09:00:00-03:00,2026-10-05T15:30:00-03:00,0,4281,601
30min,lightning/distance,372,2025-07-31T05:00:00-03:00,2026-10-04T11:30:00-03:00,17921,20282,170
30min,outdoor/app_temp,18545,2025-05-12T21:00:00-03:00,2026-10-05T15:30:00-03:00,46,5973,868
30min,outdoor/dew_point,18545,2025-05-12T21:00:00-03:00,2026-10-05T15:30:00-03:00,46,5973,868
30min,outdoor/feels_like,18545,2025-05-12T21:00:00-03:00,2026-10-05T15:30:00-03:00,46,5973,868
30min,outdoor/humidity,18545,2025-05-12T21:00:00-03:00,2026-10-05T15:30:00-03:00,46,5973,868
30min,outdoor/humidity_high,18545,2025-05-12T21:00:00-03:00,2026-10-05T15:30:00-03:00,46,5973,868
30min,outdoor/humidity_low,18545,2025-05-12T21:00:00-03:00,2026-10-05T15:30:00-03:00,46,5973,868
30min,outdoor/temperature,18545,2025-05-12T21:00:00-03:00,2026-10-05T15:30:00-03:00,46,5973,868
30min,outdoor/temperature_high,18545,2025-05-12T21:00:00-03:00,2026-10-05T15:30:00-03:00,46,5973,868
30min,outdoor/temperature_low,18545,2025-05-12T21:00:00-03:00,2026-10-05T15:30:00-03:00,46,5973,868
30min,outdoor/vpd,18545,2025-05-12T21:00:00-03:00,2026-10-05T15:30:00-03:00,46,5973,868
30min,pressure/absolute,18591,2025-05-12T21:00:00-03:00,2026-10-05T15:30:00-03:00,0,5927,841
30min,pressure/relative,18591,2025-05-12T21:00:00-03:00,2026-10-05T15:30:00-03:00,0,5927,841
30min,pressure/relative_high,18591,2025-05-12T21:00:00-03:00,2026-10-05T15:30:00-03:00,0,5927,841
30min,pressure/relative_low,18591,2025-05-12T21:00:00-03:00,2026-10-05T15:30:00-03:00,0,5927,841
30min,rainfall_piezo/1_hour,18539,2025-05-12T21:00:00-03:00,2026-10-05T15:30:00-03:00,0,5979,870
30min,rainfall_piezo/24_hours,17777,2025-09-16T21:00:00-03:00,2026-10-05T15:30:00-03:00,282,645,108
30min,rainfall_piezo/daily,18539,2025-05-12T21:00:00-03:00,2026-10-05T15:30:00-03:00,0,5979,870
30min,rainfall_piezo/event,18539,2025-05-12T21:00:00-03:00,2026-10-05T15:30:00-03:00,0,5979,870
30min,rainfall_piezo/monthly,18539,2025-05-12T21:00:00-03:00,2026-10-05T15:30:00-03:00,0,5979,870
30min,rainfall_piezo/rain_rate,18539,2025-05-12T21:00:00-03:00,2026-10-05T15:30:00-03:00,0,5979,870
30min,rainfall_piezo/weekly,18539,2025-05-12T21:00:00-03:00,2026-10-05T15:30:00-03:00,0,5979,870
30min,rainfall_piezo/yearly,18539,2025-05-12T21:00:00-03:00,2026-10-05T15:30:00-03:00,0,5979,870
30min,solar_and_uvi/solar,18539,2025-05-12T21:00:00-03:00,2026-10-05T15:30:00-03:00,0,5979,870
30min,solar_and_uvi/uvi,18539,2025-05-12T21:00:00-03:00,2026-10-05T15:30:00-03:00,0,5979,870
30min,wind/10_minute_average_wind_direction,18072,2025-07-29T17:00:00-03:00,2026-10-05T15:30:00-03:00,173,2710,403
30min,wind/wind_direction,18539,2025-05-12T21:00:00-03:00,2026-10-05T15:30:00-03:00,0,5979,870
30min,wind/wind_gust,18539,2025-05-12T21:00:00-03:00,2026-10-05T15:30:00-03:00,0,5979,870
30min,wind/wind_speed,18539,2025-05-12T21:00:00-03:00,2026-10-05T15:30:00-03:00,0,5979,870
4hour,battery/haptic_array_battery,3058,2025-05-12T21:00:00-03:00,2026-10-05T09:00:00-03:00,0,6,4
4hour,battery/haptic_array_capacitor,3058,2025-05-12T21:00:00-03:00,2026-10-05T09:00:00-03:00,0,6,4
4hour,indoor/app_tempin,2296,2025-09-16T21:00:00-03:00,2026-10-05T09:00:00-03:00,96,6,4
4hour,indoor/dew_point,2296,2025-09-16T21:00:00-03:00,2026-10-05T09:00:00-03:00,96,6,4
4hour,indoor/feels_like,2296,2025-09-16T21:00:00-03:00,2026-10-05T09:00:00-03:00,96,6,4
4hour,indoor/humidity,3058,2025-05-12T21:00:00-03:00,2026-10-05T09:00:00-03:00,0,6,4
4hour,indoor/humidity_high,3058,2025-05-12T21:00:00-03:00,2026-10-05T09:00:00-03:00,0,6,4
4hour,indoor/humidity_low,3058,2025-05-12T21:00:00-03:00,2026-10-05T09:00:00-03:00,0,6,4
4hour,indoor/temperature,3058,2025-05-12T21:00:00-03:00,2026-10-05T09:00:00-03:00,0,6,4
4hour,indoor/temperature_high,3058,2025-05-12T21:00:00-03:00,2026-10-05T09:00:00-03:00,0,6,4
4hour,indoor/temperature_low,3058,2025-05-12T21:00:00-03:00,2026-10-05T09:00:00-03:00,0,6,4
4hour,lightning/count,2807,2025-06-22T09:00:00-03:00,2026-10-05T09:00:00-03:00,0,14,10
4hour,lightning/distance,56,2025-07-31T05:00:00-03:00,2026-10-04T09:00:00-03:00,2751,2526,46
4hour,outdoor/app_temp,3058,2025-05-12T21:00:00-03:00,2026-10-05T09:00:00-03:00,0,6,4
4hour,outdoor/dew_point,3058,2025-05-12T21:00:00-03:00,2026-10-05T09:00:00-03:00,0,6,4
4hour,outdoor/feels_like,3058,2025-05-12T21:00:00-03:00,2026-10-05T09:00:00-03:00,0,6,4
4hour,outdoor/humidity,3058,2025-05-12T21:00:00-03:00,2026-10-05T09:00:00-03:00,0,6,4
4hour,outdoor/humidity_high,3058,2025-05-12T21:00:00-03:00,2026-10-05T09:00:00-03:00,0,6,4
4hour,outdoor/humidity_low,3058,2025-05-12T21:00:00-03:00,2026-10-05T09:00:00-03:00,0,6,4
4hour,outdoor/temperature,3058,2025-05-12T21:00:00-03:00,2026-10-05T09:00:00-03:00,0,6,4
4hour,outdoor/temperature_high,3058,2025-05-12T21:00:00-03:00,2026-10-05T09:00:00-03:00,0,6,4
4hour,outdoor/temperature_low,3058,2025-05-12T21:00:00-03:00,2026-10-05T09:00:00-03:00,0,6,4
4hour,outdoor/vpd,3058,2025-05-12T21:00:00-03:00,2026-10-05T09:00:00-03:00,0,6,4
4hour,pressure/absolute,3058,2025-05-12T21:00:00-03:00,2026-10-05T09:00:00-03:00,0,6,4
4hour,pressure/relative,3058,2025-05-12T21:00:00-03:00,2026-10-05T09:00:00-03:00,0,6,4
4hour,pressure/relative_high,3058,2025-05-12T21:00:00-03:00,2026-10-05T09:00:00-03:00,0,6,4
4hour,pressure/relative_low,3058,2025-05-12T21:00:00-03:00,2026-10-05T09:00:00-03:00,0,6,4
4hour,rainfall_piezo/1_hour,3058,2025-05-12T21:00:00-03:00,2026-10-05T09:00:00-03:00,0,6,4
4hour,rainfall_piezo/24_hours,2296,2025-09-16T21:00:00-03:00,2026-10-05T09:00:00-03:00,282,6,4
4hour,rainfall_piezo/daily,3058,2025-05-12T21:00:00-03:00,2026-10-05T09:00:00-03:00,0,6,4
4hour,rainfall_piezo/event,3058,2025-05-12T21:00:00-03:00,2026-10-05T09:00:00-03:00,0,6,4
4hour,rainfall_piezo/monthly,3058,2025-05-12T21:00:00-03:00,2026-10-05T09:00:00-03:00,0,6,4
4hour,rainfall_piezo/rain_rate,3058,2025-05-12T21:00:00-03:00,2026-10-05T09:00:00-03:00,0,6,4
4hour,rainfall_piezo/weekly,3058,2025-05-12T21:00:00-03:00,2026-10-05T09:00:00-03:00,0,6,4
4hour,rainfall_piezo/yearly,3058,2025-05-12T21:00:00-03:00,2026-10-05T09:00:00-03:00,0,6,4
4hour,solar_and_uvi/solar,3058,2025-05-12T21:00:00-03:00,2026-10-05T09:00:00-03:00,0,6,4
4hour,solar_and_uvi/uvi,3058,2025-05-12T21:00:00-03:00,2026-10-05T09:00:00-03:00,0,6,4
4hour,wind/10_minute_average_wind_direction,2591,2025-07-29T17:00:00-03:00,2026-10-05T09:00:00-03:00,173,6,4
4hour,wind/wind_direction,3058,2025-05-12T21:00:00-03:00,2026-10-05T09:00:00-03:00,0,6,4
4hour,wind/wind_gust,3058,2025-05-12T21:00:00-03:00,2026-10-05T09:00:00-03:00,0,6,4
4hour,wind/wind_speed,3058,2025-05-12T21:00:00-03:00,2026-10-05T09:00:00-03:00,0,6,4
1day,battery/haptic_array_battery,510,2025-05-12T21:00:00-03:00,2026-10-03T21:00:00-03:00,0,0,0
1day,battery/haptic_array_capacitor,510,2025-05-12T21:00:00-03:00,2026-10-03T21:00:00-03:00,0,0,0
1day,indoor/app_tempin,383,2025-09-16T21:00:00-03:00,2026-10-03T21:00:00-03:00,16,0,0
1day,indoor/dew_point,383,2025-09-16T21:00:00-03:00,2026-10-03T21:00:00-03:00,16,0,0
1day,indoor/feels_like,383,2025-09-16T21:00:00-03:00,2026-10-03T21:00:00-03:00,16,0,0
1day,indoor/humidity,510,2025-05-12T21:00:00-03:00,2026-10-03T21:00:00-03:00,0,0,0
1day,indoor/humidity_high,510,2025-05-12T21:00:00-03:00,2026-10-03T21:00:00-03:00,0,0,0
1day,indoor/humidity_low,510,2025-05-12T21:00:00-03:00,2026-10-03T21:00:00-03:00,0,0,0
1day,indoor/temperature,510,2025-05-12T21:00:00-03:00,2026-10-03T21:00:00-03:00,0,0,0
1day,indoor/temperature_high,510,2025-05-12T21:00:00-03:00,2026-10-03T21:00:00-03:00,0,0,0
1day,indoor/temperature_low,510,2025-05-12T21:00:00-03:00,2026-10-03T21:00:00-03:00,0,0,0
1day,lightning/count,470,2025-06-21T21:00:00-03:00,2026-10-03T21:00:00-03:00,0,0,0
1day,lightning/distance,9,2025-11-04T21:00:00-03:00,2026-10-03T21:00:00-03:00,461,325,8
1day,outdoor/app_temp,510,2025-05-12T21:00:00-03:00,2026-10-03T21:00:00-03:00,0,0,0
1day,outdoor/dew_point,510,2025-05-12T21:00:00-03:00,2026-10-03T21:00:00-03:00,0,0,0
1day,outdoor/feels_like,510,2025-05-12T21:00:00-03:00,2026-10-03T21:00:00-03:00,0,0,0
1day,outdoor/humidity,510,2025-05-12T21:00:00-03:00,2026-10-03T21:00:00-03:00,0,0,0
1day,outdoor/humidity_high,510,2025-05-12T21:00:00-03:00,2026-10-03T21:00:00-03:00,0,0,0
1day,outdoor/humidity_low,510,2025-05-12T21:00:00-03:00,2026-10-03T21:00:00-03:00,0,0,0
1day,outdoor/temperature,510,2025-05-12T21:00:00-03:00,2026-10-03T21:00:00-03:00,0,0,0
1day,outdoor/temperature_high,510,2025-05-12T21:00:00-03:00,2026-10-03T21:00:00-03:00,0,0,0
1day,outdoor/temperature_low,510,2025-05-12T21:00:00-03:00,2026-10-03T21:00:00-03:00,0,0,0
1day,outdoor/vpd,510,2025-05-12T21:00:00-03:00,2026-10-03T21:00:00-03:00,0,0,0
1day,pressure/absolute,510,2025-05-12T21:00:00-03:00,2026-10-03T21:00:00-03:00,0,0,0
1day,pressure/relative,510,2025-05-12T21:00:00-03:00,2026-10-03T21:00:00-03:00,0,0,0
1day,pressure/relative_high,510,2025-05-12T21:00:00-03:00,2026-10-03T21:00:00-03:00,0,0,0
1day,pressure/relative_low,510,2025-05-12T21:00:00-03:00,2026-10-03T21:00:00-03:00,0,0,0
1day,rainfall_piezo/1_hour,510,2025-05-12T21:00:00-03:00,2026-10-03T21:00:00-03:00,0,0,0
1day,rainfall_piezo/24_hours,383,2025-09-16T21:00:00-03:00,2026-10-03T21:00:00-03:00,47,0,0
1day,rainfall_piezo/daily,510,2025-05-12T21:00:00-03:00,2026-10-03T21:00:00-03:00,0,0,0
1day,rainfall_piezo/event,510,2025-05-12T21:00:00-03:00,2026-10-03T21:00:00-03:00,0,0,0
1day,rainfall_piezo/monthly,510,2025-05-12T21:00:00-03:00,2026-10-03T21:00:00-03:00,0,0,0
1day,rainfall_piezo/rain_rate,510,2025-05-12T21:00:00-03:00,2026-10-03T21:00:00-03:00,0,0,0
1day,rainfall_piezo/weekly,510,2025-05-12T21:00:00-03:00,2026-10-03T21:00:00-03:00,0,0,0
1day,rainfall_piezo/yearly,510,2025-05-12T21:00:00-03:00,2026-10-03T21:00:00-03:00,0,0,0
1day,solar_and_uvi/solar,510,2025-05-12T21:00:00-03:00,2026-10-03T21:00:00-03:00,0,0,0
1day,solar_and_uvi/uvi,510,2025-05-12T21:00:00-03:00,2026-10-03T21:00:00-03:00,0,0,0
1day,wind/10_minute_average_wind_direction,432,2025-07-29T21:00:00-03:00,2026-10-03T21:00:00-03:00,29,0,0
1day,wind/wind_direction,510,2025-05-12T21:00:00-03:00,2026-10-03T21:00:00-03:00,0,0,0
1day,wind/wind_gust,510,2025-05-12T21:00:00-03:00,2026-10-03T21:00:00-03:00,0,0,0
1day,wind/wind_speed,510,2025-05-12T21:00:00-03:00,2026-10-03T21:00:00-03:00,0,0,0
