variable,timestamps,valid,missing_markers,first,last
battery/haptic_array_battery,43528,43528,0,2025-05-12T21:00:00-03:00,2026-10-06T09:15:00-03:00
battery/haptic_array_capacitor,43528,43528,0,2025-05-12T21:00:00-03:00,2026-10-06T09:15:00-03:00
indoor/app_tempin,42908,42812,96,2025-09-16T21:00:00-03:00,2026-10-06T09:15:00-03:00
indoor/dew_point,42908,42812,96,2025-09-16T21:00:00-03:00,2026-10-06T09:15:00-03:00
indoor/feels_like,42908,42812,96,2025-09-16T21:00:00-03:00,2026-10-06T09:15:00-03:00
indoor/humidity,43574,43574,0,2025-05-12T21:00:00-03:00,2026-10-06T09:15:00-03:00
indoor/humidity_high,18841,18841,0,2025-05-12T21:00:00-03:00,2026-10-06T08:30:00-03:00
indoor/humidity_low,18841,18841,0,2025-05-12T21:00:00-03:00,2026-10-06T08:30:00-03:00
indoor/temperature,43574,43574,0,2025-05-12T21:00:00-03:00,2026-10-06T09:15:00-03:00
indoor/temperature_high,18841,18841,0,2025-05-12T21:00:00-03:00,2026-10-06T08:30:00-03:00
indoor/temperature_low,18841,18841,0,2025-05-12T21:00:00-03:00,2026-10-06T08:30:00-03:00
lightning/count,43146,43146,0,2025-06-21T21:00:00-03:00,2026-10-06T09:15:00-03:00
lightning/distance,43146,769,42377,2025-07-31T05:00:00-03:00,2026-10-04T11:50:00-03:00
outdoor/app_temp,43574,43528,46,2025-05-12T21:00:00-03:00,2026-10-06T09:15:00-03:00
outdoor/dew_point,43574,43528,46,2025-05-12T21:00:00-03:00,2026-10-06T09:15:00-03:00
outdoor/feels_like,43574,43528,46,2025-05-12T21:00:00-03:00,2026-10-06T09:15:00-03:00
outdoor/humidity,43574,43528,46,2025-05-12T21:00:00-03:00,2026-10-06T09:15:00-03:00
outdoor/humidity_high,18841,18795,46,2025-05-12T21:00:00-03:00,2026-10-06T08:30:00-03:00
outdoor/humidity_low,18841,18795,46,2025-05-12T21:00:00-03:00,2026-10-06T08:30:00-03:00
outdoor/temperature,43574,43528,46,2025-05-12T21:00:00-03:00,2026-10-06T09:15:00-03:00
outdoor/temperature_high,18841,18795,46,2025-05-12T21:00:00-03:00,2026-10-06T08:30:00-03:00
outdoor/temperature_low,18841,18795,46,2025-05-12T21:00:00-03:00,2026-10-06T08:30:00-03:00
outdoor/vpd,43574,43528,46,2025-05-12T21:00:00-03:00,2026-10-06T09:15:00-03:00
pressure/absolute,43574,43574,0,2025-05-12T21:00:00-03:00,2026-10-06T09:15:00-03:00
pressure/relative,43574,43574,0,2025-05-12T21:00:00-03:00,2026-10-06T09:15:00-03:00
pressure/relative_high,18841,18841,0,2025-05-12T21:00:00-03:00,2026-10-06T08:30:00-03:00
pressure/relative_low,18841,18841,0,2025-05-12T21:00:00-03:00,2026-10-06T08:30:00-03:00
rainfall_piezo/1_hour,43528,43528,0,2025-05-12T21:00:00-03:00,2026-10-06T09:15:00-03:00
rainfall_piezo/24_hours,43048,42766,282,2025-09-16T21:00:00-03:00,2026-10-06T09:15:00-03:00
rainfall_piezo/daily,43528,43528,0,2025-05-12T21:00:00-03:00,2026-10-06T09:15:00-03:00
rainfall_piezo/event,43528,43528,0,2025-05-12T21:00:00-03:00,2026-10-06T09:15:00-03:00
rainfall_piezo/monthly,43528,43528,0,2025-05-12T21:00:00-03:00,2026-10-06T09:15:00-03:00
rainfall_piezo/rain_rate,43528,43528,0,2025-05-12T21:00:00-03:00,2026-10-06T09:15:00-03:00
rainfall_piezo/weekly,43528,43528,0,2025-05-12T21:00:00-03:00,2026-10-06T09:15:00-03:00
rainfall_piezo/yearly,43528,43528,0,2025-05-12T21:00:00-03:00,2026-10-06T09:15:00-03:00
solar_and_uvi/solar,43528,43528,0,2025-05-12T21:00:00-03:00,2026-10-06T09:15:00-03:00
solar_and_uvi/uvi,43528,43528,0,2025-05-12T21:00:00-03:00,2026-10-06T09:15:00-03:00
wind/10_minute_average_wind_direction,43234,43061,173,2025-07-29T17:00:00-03:00,2026-10-06T09:15:00-03:00
wind/wind_direction,43528,43528,0,2025-05-12T21:00:00-03:00,2026-10-06T09:15:00-03:00
wind/wind_gust,43528,43528,0,2025-05-12T21:00:00-03:00,2026-10-06T09:15:00-03:00
wind/wind_speed,43528,43528,0,2025-05-12T21:00:00-03:00,2026-10-06T09:15:00-03:00
